-28,-29,33
-28,-27,29
-27,-24,25
-26,-21,21
-24,-17,19
-22,-13,17
-19,-7,17
-15,-1,19
-10,7,23
-5,14,30
1,20,41
6,22,55
10,19,71
11,10,83
9,-3,90
4,-16,91
-3,-26,86
-10,-33,79
-16,-36,70
-22,-37,62
-26,-37,55
-29,-37,48
-31,-36,41
-32,-34,35
-32,-33,30
-32,-32,25
-32,-30,20
-31,-28,16
-30,-26,13
-29,-23,10
-27,-19,7
-24,-14,6
-21,-8,6
-16,0,8
-11,9,13
-5,18,22
2,26,35
9,30,54
14,26,74
16,13,91
13,-4,99
6,-21,99
-3,-34,91
-12,-41,81
-20,-44,71
-26,-45,62
-31,-44,54
-34,-44,47
-37,-43,40
-38,-43,34
-40,-43,29
-41,-44,24
-42,-45,19
-43,-46,15
-44,-48,11
-45,-51,8
-47,-54,6
-49,-58,4
-52,-64,3
-56,-71,4
-61,-80,8
-67,-89,14
-74,-99,26
-82,-106,43
-88,-106,64
-92,-98,84
-91,-81,98
-86,-62,102
-77,-46,97
-68,-36,88
-59,-31,77
-51,-29,67
-45,-29,58
-41,-30,50
-38,-30,44
-36,-30,37
-35,-30,32
-33,-29,27
-32,-28,22
-31,-26,18
-29,-24,15
-27,-20,12
-25,-16,10
-22,-11,9
-18,-4,10
-13,4,13
-8,13,20
-1,21,31
6,27,46
11,26,65
14,18,82
13,4,94
9,-13,97
1,-27,93
-8,-36,85
-16,-41,75
-22,-42,66
-28,-43,58
-31,-42,50
-34,-41,43
-36,-41,37
-37,-40,31
-38,-40,26
-39,-40,21
-39,-41,16
-40,-41,12
-40,-42,8
-41,-43,5
-42,-44,2
-43,-46,-1
-44,-49,-3
-46,-52,-5
-48,-57,-6
-51,-63,-7
-55,-71,-5
-61,-81,-2
-67,-92,6
-75,-104,20
-84,-112,40
-92,-113,66
-96,-102,91
-95,-80,106
-88,-57,109
-77,-38,101
-65,-28,89
-55,-24,77
-47,-23,67
-41,-23,58
-36,-24,51
-33,-24,44
-30,-23,39
-28,-22,34
-26,-20,30
-24,-17,27
-22,-13,24
-19,-9,23
-16,-4,24
-12,2,27
-7,8,32
-3,14,40
2,17,51
6,16,63
8,11,74
8,2,82
5,-8,86
0,-18,85
-6,-26,80
-12,-30,73
-17,-32,66
-21,-33,59
-24,-33,52
-26,-32,46
-27,-30,40
-28,-29,34
-28,-26,30
-27,-24,26
-26,-21,22
-24,-17,20
-22,-13,18
-19,-7,18
-15,-1,19
-10,6,23
-5,13,31
1,19,41
6,21,55
9,18,70
11,10,82
9,-3,89
4,-15,91
-2,-25,86
-9,-32,79
-16,-36,71
-21,-37,63
-25,-37,55
-28,-36,48
-30,-35,42
-31,-34,36
-32,-33,30
-32,-31,25
-31,-29,21
-31,-27,17
-29,-25,13
-28,-21,11
-26,-17,9
-23,-12,8
-19,-5,8
-14,3,11
-9,12,17
-2,21,27
5,27,42
11,28,61
15,21,80
14,7,94
10,-10,99
3,-25,96
-6,-36,87
-15,-41,77
-22,-43,68
-27,-44,59
-32,-43,51
-35,-43,44
-37,-42,38
-38,-42,32
-39,-42,27
-40,-42,22
-40,-43,17
-41,-44,13
-42,-45,9
-43,-47,6
-45,-50,3
-46,-53,1
-49,-58,0
-52,-63,-1
-56,-71,0
-61,-80,4
-67,-90,11
-75,-101,23
-83,-109,41
-90,-109,64
-94,-100,87
-93,-81,102
-87,-60,105
-77,-43,99
-67,-33,88
-57,-28,77
-49,-26,67
-43,-27,58
-39,-27,50
-36,-27,44
-34,-27,38
-32,-26,32
-30,-25,28
-29,-23,24
-27,-20,20
-25,-17,18
-22,-12,16
-19,-6,16
-15,0,18
-10,8,23
-4,15,31
2,21,42
7,22,57
11,18,73
11,8,85
9,-4,91
4,-18,91
-3,-28,86
-11,-34,78
-17,-37,70
-22,-38,61
-26,-38,54
-29,-37,47
-31,-36,40
-32,-35,34
-33,-34,29
-33,-33,24
-33,-31,20
-32,-29,15
-31,-27,12
-30,-24,9
-28,-21,6
-25,-16,5
-22,-10,4
-18,-3,6
-13,6,9
-7,15,17
0,25,29
7,30,47
13,29,68
16,19,87
15,2,99
9,-16,101
0,-31,95
-9,-40,85
-18,-44,75
-25,-46,65
-30,-46,57
-34,-45,49
-37,-45,42
-39,-44,36
-40,-45,31
-42,-45,26
-43,-46,21
-44,-48,17
-45,-50,13
-47,-53,10
-49,-57,8
-52,-62,7
-56,-69,7
-60,-77,10
-65,-85,15
-72,-95,24
-79,-102,39
-85,-104,57
-90,-99,77
-91,-86,92
-87,-69,99
-80,-53,97
-71,-41,90
-62,-35,80
-55,-32,70
-49,-31,61
-44,-32,53
-41,-32,46
-39,-33,39
-37,-33,33
-36,-33,28
-35,-33,23
-35,-32,18
-34,-31,14
-33,-29,11
-31,-27,7
-30,-24,5
-28,-20,3
-25,-15,1
-22,-8,1
-17,0,4
-11,9,9
-5,20,18
3,29,33
10,33,53
16,29,75
17,15,94
14,-5,103
7,-24,102
-3,-37,93
-13,-44,82
-22,-47,72
-28,-48,62
-33,-47,54
-37,-47,47
-39,-47,40
-41,-47,35
-43,-48,29
-44,-49,25
-46,-51,21
-47,-54,17
-50,-57,15
-52,-62,13
-55,-67,13
-59,-74,14
-64,-82,18
-70,-90,26
-76,-97,37
-82,-101,52
-87,-98,70
-88,-88,85
-87,-74,93
-81,-60,95
-74,-48,90
-66,-40,81
-59,-36,72
-53,-35,64
-48,-35,55
-45,-36,48
-43,-37,41
-41,-37,35
-40,-38,30
-40,-39,25
-40,-39,20
-40,-40,15
-40,-41,11
-40,-42,8
-41,-43,4
-41,-44,1
-42,-46,-2
-44,-49,-4
-45,-52,-6
-48,-56,-7
-51,-62,-7
-55,-70,-6
-60,-80,-3
-67,-91,5
-75,-103,18
-83,-113,38
-91,-114,64
-96,-103,89
-95,-82,106
-88,-58,110
-78,-39,102
-66,-28,90
-56,-24,78
-47,-22,68
-41,-23,59
-36,-23,51
-33,-23,45
-30,-23,39
-28,-21,34
-26,-20,30
-24,-17,27
-22,-13,25
-19,-9,24
-16,-3,25
-12,3,27
-7,8,33
-2,14,41
2,16,51
6,15,63
8,10,74
7,2,82
4,-8,85
0,-18,84
-6,-25,79
-12,-30,73
-17,-32,65
-21,-32,58
-24,-32,52
-26,-31,45
-27,-30,40
-27,-28,35
-27,-26,30
-26,-23,26
-25,-20,23
-23,-16,20
-21,-11,19
-18,-6,19
-14,1,21
-9,8,26
-4,14,34
2,19,45
6,20,59
10,16,73
10,7,84
8,-5,89
3,-17,89
-4,-27,84
-11,-32,77
-17,-35,69
-22,-36,61
-25,-36,53
-28,-35,47
-30,-34,40
-31,-33,35
-31,-31,29
-31,-30,25
-30,-28,20
-29,-25,17
-28,-22,14
-26,-18,11
-23,-13,10
-20,-7,10
-15,0,12
-10,9,17
-4,17,26
3,24,39
9,27,56
13,22,75
14,11,89
11,-5,96
5,-20,96
-3,-32,89
-12,-38,80
-19,-41,70
-25,-42,62
-29,-42,54
-33,-41,46
-35,-40,40
-36,-40,34
-37,-40,28
-38,-39,23
-38,-39,19
-38,-40,14
-39,-40,10
-39,-40,7
-40,-41,3
-40,-42,0
-41,-43,-3
-42,-45,-5
-43,-47,-7
-44,-50,-9
-46,-54,-11
-49,-59,-11
-52,-66,-11
-57,-75,-8
-63,-86,-2
-71,-99,8
-80,-111,26
-89,-117,51
-96,-112,80
-98,-93,103
-93,-67,113
-83,-44,109
-71,-29,97
-59,-22,84
-49,-20,72
-42,-20,63
-36,-21,55
-32,-21,48
-29,-21,43
-27,-19,38
-25,-18,34
-22,-15,31
-20,-11,29
-17,-7,28
-14,-2,29
-10,3,32
-6,8,38
-2,12,45
2,13,55
5,12,65
6,6,74
5,-1,80
2,-10,82
-2,-18,80
-7,-24,76
-12,-27,70
-16,-29,63
-20,-30,57
-22,-29,51
-24,-28,45
-25,-26,40
-25,-24,35
-24,-22,31
-23,-18,28
-21,-15,26
-19,-10,25
-16,-5,25
-13,1,27
-8,7,31
-4,12,38
1,16,48
5,16,60
7,12,71
7,4,80
5,-6,85
1,-15,85
-4,-23,81
-10,-28,74
-15,-31,67
-20,-32,60
-23,-32,54
-25,-31,47
-26,-30,41
-27,-28,36
-27,-26,31
-26,-24,27
-25,-21,24
-24,-17,21
-21,-12,20
-18,-7,19
-14,-1,21
-10,6,25
-5,13,32
0,18,43
5,20,56
9,17,70
10,9,81
8,-3,88
4,-15,89
-3,-25,85
-9,-31,78
-15,-34,70
-21,-36,62
-25,-36,55
-27,-35,48
-29,-34,42
-30,-33,36
-31,-31,31
-31,-29,26
-30,-27,21
-29,-25,18
-27,-22,15
-25,-18,12
-23,-13,11
-19,-7,11
-15,1,13
-10,9,18
-4,17,27
3,24,40
9,26,57
13,21,75
13,10,89
10,-6,96
4,-21,95
-4,-32,88
-12,-38,79
-19,-41,70
-25,-41,61
-29,-41,53
-32,-40,46
-34,-40,39
-36,-39,33
-36,-39,28
-37,-38,23
-37,-38,18
-38,-38,14
-38,-38,10
-38,-38,6
-38,-38,3
-38,-38,0
-38,-38,-3
-38,-38,-6
-38,-38,-8
-38,-38,-10
-38,-39,-13
-38,-39,-15
-39,-39,-16
-39,-40,-18
-39,-40,-19
-40,-41,-21
-40,-43,-22
-41,-45,-23
-42,-47,-24
-44,-51,-25
-46,-56,-25
-50,-63,-24
-54,-72,-21
-60,-84,-16
-68,-98,-6
-78,-114,12
-89,-125,40
-99,-123,75
-103,-103,106
-99,-71,122
-87,-42,118
-73,-23,104
-58,-14,89
-47,-12,76
-38,-12,66
-31,-13,59
-27,-14,53
-23,-14,49
-21,-13,46
-18,-11,43
-16,-9,42
-14,-6,41
-11,-3,42
-9,0,44
-6,2,48
-4,4,52
-2,4,57
-1,3,62
0,0,67
-1,-4,70
-2,-9,71
-4,-13,70
-7,-16,68
-10,-19,65
-12,-20,61
-14,-20,57
-16,-20,53
-17,-19,49
-17,-18,46
-17,-16,43
-16,-13,41
-15,-10,40
-13,-7,40
-11,-4,40
-9,0,43
-6,2,46
-4,4,51
-2,5,56
0,3,62
0,1,67
0,-3,70
-2,-8,72
-4,-13,71
-7,-16,69
-10,-19,66
-12,-21,62
-15,-21,57
-16,-21,53
-17,-20,49
-18,-18,46
-18,-16,43
-17,-14,40
-16,-11,39
-14,-8,38
-12,-4,39
-9,-1,41
-7,3,44
-4,5,49
-1,6,55
0,5,61
1,2,67
1,-2,71
-1,-8,73
-3,-12,73
-6,-17,71
-9,-20,67
-12,-22,63
-15,-22,58
-17,-22,54
-18,-21,49
-19,-20,45
-19,-18,42
-18,-15,39
-17,-12,37
-15,-9,37
-13,-5,37
-10,-1,39
-8,2,42
-5,5,47
-2,7,53
1,6,60
2,4,66
2,0,71
0,-6,74
-2,-12,74
-5,-17,73
-9,-20,69
-12,-22,65
-15,-23,60
-17,-23,55
-19,-23,50
-19,-21,46
-20,-19,42
-19,-17,39
-18,-14,36
-17,-10,35
-15,-7,35
-12,-3,36
-9,2,39
-6,5,43
-2,8,50
0,8,57
2,7,64
3,2,71
2,-3,75
0,-10,76
-4,-15,75
-7,-20,72
-11,-23,67
-14,-24,62
-17,-25,57
-19,-24,52
-20,-23,47
-21,-21,43
-21,-19,39
-20,-16,36
-18,-13,34
-17,-9,33
-14,-5,33
-11,0,35
-8,4,39
-4,8,44
-1,10,52
2,9,60
4,6,68
4,1,74
2,-6,78
-1,-12,78
-5,-18,75
-9,-23,71
-13,-25,66
-16,-26,60
-19,-26,54
-21,-25,49
-22,-24,44
-22,-22,40
-22,-19,36
-21,-17,33
-19,-13,31
-17,-9,30
-14,-4,31
-11,1,33
-7,5,37
-3,9,44
0,12,52
3,11,61
5,7,70
5,1,77
3,-7,80
-1,-15,80
-5,-21,76
-10,-25,71
-14,-27,65
-18,-28,59
-20,-28,53
-22,-27,48
-23,-25,42
-23,-23,38
-23,-21,34
-22,-18,31
-21,-14,28
-18,-10,27
-16,-5,27
-12,0,30
-8,6,34
-4,11,40
0,14,49
4,14,60
6,10,70
6,3,78
4,-6,82
0,-14,82
-4,-22,79
-10,-27,73
-14,-29,67
-18,-30,60
-22,-30,54
-24,-29,48
-25,-28,42
-25,-26,37
-25,-24,33
-24,-21,29
-23,-18,26
-21,-14,24
-19,-9,23
-15,-3,24
-11,3,27
-7,9,32
-2,14,41
3,17,52
6,16,64
8,10,75
8,1,83
4,-10,86
-1,-19,84
-6,-26,79
-12,-31,72
-17,-33,65
-21,-33,58
-24,-33,51
-26,-32,45
-28,-30,39
-28,-28,34
-28,-26,29
-27,-24,25
-26,-21,22
-24,-17,19
-22,-13,18
-19,-7,17
-15,-1,19
-10,7,23
-5,14,31
1,19,42
6,21,56
10,18,71
11,9,83
9,-3,90
4,-16,91
-3,-26,86
-10,-33,79
-16,-36,70
-21,-37,62
-26,-37,55
-28,-36,48
-30,-35,41
-31,-34,35
-32,-33,30
-32,-31,25
-32,-30,21
-31,-28,17
-30,-25,13
-28,-22,10
-26,-18,8
-23,-13,7
-20,-6,7
-15,2,10
-9,11,16
-3,20,25
4,27,40
10,29,59
15,23,79
15,9,93
11,-8,99
4,-24,97
-5,-35,89
-14,-41,79
-21,-44,69
-27,-44,60
-32,-44,52
-35,-43,45
-37,-43,38
-38,-42,33
-39,-42,27
-40,-43,22
-41,-44,18
-42,-45,14
-43,-46,10
-44,-49,7
-46,-52,4
-48,-55,2
-50,-60,1
-54,-67,1
-58,-75,3
-64,-84,8
-71,-95,17
-78,-104,32
-86,-109,52
-91,-105,75
-93,-91,94
-90,-71,103
-82,-52,102
-73,-38,94
-63,-31,83
-54,-28,72
-47,-28,63
-42,-28,54
-38,-28,47
-36,-29,41
-34,-28,35
-32,-27,30
-31,-26,25
-29,-24,21
-28,-21,18
-26,-18,15
-23,-13,13
-20,-7,13
-15,0,15
-10,7,20
-5,15,27
1,22,39
7,24,55
11,21,72
13,11,86
10,-3,93
5,-17,94
-3,-29,88
-10,-36,80
-17,-39,71
-23,-40,62
-27,-40,54
-31,-39,47
-33,-38,41
-34,-37,35
-35,-37,29
-35,-36,24
-35,-35,19
-35,-34,15
-35,-33,11
-34,-32,7
-33,-30,4
-32,-28,1
-30,-25,-1
-28,-21,-3
-26,-16,-4
-22,-9,-4
-18,0,-1
-12,10,4
-5,21,14
4,32,30
12,37,52
18,32,77
19,16,98
16,-6,107
7,-27,105
-4,-41,95
-15,-48,83
-24,-51,72
-31,-51,63
-36,-51,54
-40,-50,47
-42,-50,41
-44,-51,36
-46,-52,31
-48,-54,27
-50,-57,23
-52,-61,21
-55,-65,20
-59,-71,20
-63,-77,23
-67,-84,28
-73,-90,36
-78,-94,48
-82,-95,61
-85,-89,74
-85,-80,84
-82,-68,89
-77,-57,88
-71,-49,82
-64,-43,75
-58,-41,67
-54,-40,59
-50,-41,52
-48,-41,46
-46,-43,40
-46,-44,34
-45,-46,29
-46,-48,24
-47,-50,20
-48,-53,17
-50,-57,14
-52,-61,13
-55,-67,12
-59,-74,13
-64,-81,17
-70,-90,25
-76,-97,36
-82,-101,51
-87,-99,69
-89,-89,84
-87,-75,93
-82,-61,95
-75,-48,90
-67,-41,82
-59,-37,73
-53,-35,64
-48,-35,56
-45,-36,49
-43,-36,42
-41,-37,36
-40,-38,30
-40,-39,25
-40,-39,20
-39,-40,16
-40,-40,12
-40,-41,8
-40,-42,4
-41,-43,1
-42,-45,-2
-43,-47,-4
-44,-50,-6
-46,-54,-8
-49,-59,-9
-52,-65,-8
-57,-74,-6
-63,-85,-1
-70,-97,9
-79,-108,25
-87,-115,48
-94,-112,76
-97,-95,99
-93,-71,110
-84,-48,108
-72,-32,98
-61,-25,85
-51,-22,73
-43,-22,63
-38,-22,55
-34,-22,48
-31,-22,43
-29,-21,37
-26,-20,33
-24,-17,30
-22,-14,27
-20,-10,26
-16,-5,26
-13,0,28
-9,6,32
-4,11,39
0,15,48
4,15,59
7,11,70
7,4,79
5,-5,84
1,-14,84
-4,-22,80
-9,-27,74
-15,-30,68
-19,-31,61
-22,-31,54
-24,-30,48
-26,-29,42
-26,-27,37
-26,-25,32
-26,-23,28
-25,-20,25
-23,-16,22
-20,-11,21
-17,-6,21
-13,0,23
-9,7,28
-4,13,35
1,18,46
6,19,59
9,15,72
9,6,82
7,-5,87
2,-16,87
-4,-25,83
-10,-31,76
-16,-34,69
-21,-35,61
-24,-35,54
-27,-34,47
-28,-32,41
-29,-31,35
-30,-29,30
-29,-27,26
-28,-25,22
-27,-22,18
-25,-18,16
-23,-14,14
-20,-8,14
-16,-1,15
-11,7,19
-5,14,27
1,21,38
7,24,53
11,21,70
12,12,84
10,-2,93
5,-16,94
-2,-28,89
-10,-35,80
-17,-38,72
-22,-40,63
-27,-39,55
-30,-39,48
-32,-38,41
-34,-37,35
-34,-36,30
-35,-35,24
-35,-34,20
-35,-33,15
-34,-32,11
-33,-31,8
-32,-29,5
-31,-26,2
-29,-23,0
-27,-18,-2
-24,-13,-2
-20,-5,-1
-15,4,2
-9,15,9
-1,25,21
7,34,40
14,35,63
19,26,86
18,7,102
12,-15,106
2,-33,100
-8,-44,89
-18,-49,78
-26,-50,67
-32,-50,59
-37,-49,51
-40,-49,44
-42,-49,38
-44,-50,33
-46,-52,28
-48,-54,24
-50,-57,21
-52,-61,19
-55,-66,18
-58,-71,18
-63,-78,21
-68,-85,27
-73,-92,36
-79,-96,48
-83,-96,62
-86,-90,76
-86,-79,86
-82,-67,91
-77,-55,89
-70,-47,83
-63,-42,75
-57,-39,67
-52,-39,59
-49,-39,52
-46,-40,45
-45,-41,39
-44,-42,33
-44,-44,28
-44,-45,23
-45,-47,19
-46,-50,15
-47,-53,12
-49,-56,10
-52,-61,8
-55,-67,8
-59,-75,10
-64,-83,14
-70,-92,23
-77,-100,36
-84,-104,53
-89,-100,72
-90,-89,89
-88,-73,97
-82,-57,98
-73,-44,91
-65,-37,82
-57,-33,72
-51,-32,63
-46,-32,55
-42,-33,47
-40,-34,41
-38,-34,35
-37,-34,29
-37,-34,24
-36,-34,19
-35,-33,15
-34,-32,11
-34,-31,7
-33,-29,4
-31,-26,2
-29,-23,-1
-27,-18,-2
-24,-12,-3
-20,-5,-2
-15,4,2
-9,15,9
-1,26,22
7,34,40
15,35,64
19,25,87
18,6,103
12,-16,107
2,-33,100
-9,-44,89
-19,-49,78
-27,-50,67
-33,-50,58
-37,-50,51
-40,-49,44
-43,-50,38
-45,-50,33
-46,-52,28
-48,-54,24
-50,-57,21
-52,-61,19
-55,-66,18
-59,-72,19
-63,-79,22
-68,-86,27
-74,-92,37
-79,-96,49
-83,-95,63
-86,-89,77
-85,-79,87
-82,-66,90
-76,-54,88
-69,-46,82
-63,-41,74
-57,-39,66
-52,-39,58
-49,-39,51
-46,-40,44
-45,-42,38
-44,-43,33
-44,-44,27
-44,-46,23
-45,-48,19
-46,-51,15
-48,-54,12
-50,-58,10
-53,-63,9
-56,-69,9
-60,-77,11
-66,-86,17
-72,-94,26
-79,-101,40
-85,-103,58
-89,-98,77
-90,-85,91
-86,-68,98
-79,-53,96
-71,-42,88
-62,-36,79
-55,-33,69
-49,-33,60
-45,-33,53
-42,-34,45
-40,-34,39
-38,-35,33
-38,-35,28
-37,-35,23
-36,-34,18
-36,-34,14
-35,-33,10
-34,-32,6
-33,-30,3
-32,-28,0
-31,-25,-2
-29,-21,-4
-26,-16,-5
-22,-9,-4
-18,0,-2
-12,10,3
-5,21,13
4,32,29
12,37,52
18,33,77
20,16,98
16,-6,108
7,-27,105
-4,-41,95
-15,-49,83
-24,-51,72
-31,-51,63
-36,-51,54
-40,-51,47
-43,-51,41
-45,-51,36
-47,-53,31
-49,-55,27
-51,-58,24
-53,-62,22
-56,-66,21
-59,-72,22
-64,-78,24
-68,-85,30
-73,-91,39
-78,-94,50
-83,-93,64
-85,-88,76
-84,-78,85
-81,-66,88
-76,-56,86
-69,-48,81
-63,-43,73
-58,-41,66
-53,-41,58
-50,-41,51
-48,-42,45
-47,-44,39
-46,-45,33
-46,-47,28
-47,-49,24
-48,-52,20
-49,-55,17
-51,-59,15
-54,-64,14
-57,-70,14
-62,-77,17
-67,-85,22
-73,-93,31
-79,-98,44
-84,-99,60
-87,-94,76
-88,-82,88
-84,-68,94
-78,-55,92
-71,-45,86
-63,-39,77
-56,-37,68
-51,-36,60
-47,-36,52
-45,-37,45
-43,-38,39
-42,-39,33
-41,-40,28
-41,-41,23
-41,-42,18
-41,-43,14
-42,-44,10
-43,-46,7
-44,-48,4
-45,-51,1
-47,-55,-1
-50,-60,-2
-53,-66,-2
-57,-74,0
-63,-84,5
-70,-95,14
-78,-105,29
-86,-111,50
-92,-108,74
-94,-93,94
-91,-73,105
-84,-52,105
-73,-37,96
-63,-29,84
-54,-26,73
-46,-26,64
-41,-26,55
-37,-26,48
-34,-27,42
-32,-26,36
-31,-25,31
-29,-23,26
-27,-21,23
-25,-18,20
-23,-13,18
-19,-8,18
-16,-2,19
-11,5,22
-6,12,29
0,18,39
5,21,53
9,19,68
11,12,81
9,0,89
5,-13,91
-1,-24,87
-8,-31,80
-15,-35,72
-20,-37,64
-25,-37,56
-28,-36,49
-30,-35,42
-31,-34,36
-32,-33,31
-32,-31,26
-32,-30,21
-31,-28,17
-30,-25,14
-28,-22,11
-26,-18,9
-23,-13,7
-20,-7,8
-15,1,10
-10,10,16
-4,19,25
3,26,39
10,29,57
14,23,77
15,10,92
11,-7,99
4,-23,97
-4,-34,89
-13,-40,80
-21,-43,70
-27,-44,61
-31,-43,53
-34,-43,46
-36,-42,39
-38,-42,33
-39,-42,28
-40,-42,23
-40,-43,18
-41,-44,14
-42,-45,10
-43,-47,7
-44,-50,4
-46,-53,2
-48,-57,0
-51,-63,-1
-55,-70,0
-60,-79,3
-66,-89,10
-74,-100,22
-82,-108,39
-89,-109,62
-93,-101,84
-93,-83,100
-88,-62,105
-78,-44,100
-68,-34,89
-58,-28,78
-50,-27,68
-44,-27,59
-40,-27,51
-36,-28,44
-34,-27,38
-32,-27,33
-31,-26,28
-29,-24,24
-27,-21,20
-25,-18,17
-23,-13,16
-20,-8,15
-16,-1,17
-11,6,21
-5,14,28
0,20,39
6,23,54
10,20,70
12,11,83
10,-2,91
5,-15,92
-2,-26,88
-9,-33,80
-16,-37,72
-22,-38,63
-26,-38,55
-29,-38,48
-31,-37,42
-33,-36,36
-33,-35,30
-34,-34,25
-33,-32,20
-33,-31,16
-32,-29,12
-31,-27,9
-30,-24,6
-28,-20,4
-25,-15,3
-22,-9,3
-17,-1,4
-12,8,9
-5,18,18
2,27,32
9,32,51
15,29,73
17,16,92
14,-2,102
7,-21,101
-2,-35,94
-12,-43,83
-20,-46,73
-27,-47,63
-32,-47,55
-36,-46,47
-39,-46,41
-40,-46,35
-42,-46,30
-43,-48,25
-45,-49,20
-46,-51,17
-48,-54,14
-50,-58,11
-53,-64,10
-56,-70,11
-61,-77,13
-66,-86,19
-72,-94,28
-79,-100,42
-85,-102,59
-89,-96,77
-89,-84,91
-85,-68,96
-79,-53,94
-71,-42,87
-62,-37,78
-55,-34,69
-50,-34,60
-46,-34,52
-43,-35,45
-41,-35,39
-39,-36,33
-39,-36,27
-38,-37,22
-38,-37,18
-37,-37,13
-37,-36,9
-37,-36,6
-37,-36,2
-36,-35,-1
-36,-34,-3
-35,-33,-6
-35,-32,-8
-34,-30,-10
-32,-27,-12
-30,-23,-13
-28,-19,-14
-25,-12,-14
-20,-4,-12
-15,7,-7
-7,20,2
2,33,18
11,43,42
20,41,72
23,25,99
20,0,114
11,-27,113
-1,-45,102
-14,-54,88
-25,-57,76
-33,-57,65
-39,-57,57
-44,-56,51
-47,-56,45
-50,-57,40
-52,-59,36
-54,-62,34
-56,-65,32
-59,-69,31
-62,-73,32
-66,-78,35
-70,-82,40
-73,-86,47
-77,-87,56
-79,-85,65
-80,-80,73
-79,-73,78
-77,-66,80
-73,-59,78
-68,-53,74
-64,-50,69
-60,-48,63
-57,-48,57
-55,-49,51
-53,-50,46
-53,-52,41
-53,-54,37
-53,-56,33
-55,-60,30
-56,-64,29
-59,-68,28
-62,-73,29
-65,-78,32
-69,-83,37
-74,-87,45
-78,-89,55
-80,-87,65
-82,-82,74
-81,-74,80
-78,-66,82
-74,-58,80
-69,-52,76
-64,-48,70
-59,-46,63
-56,-46,57
-53,-46,51
-52,-48,45
-51,-49,40
-51,-51,35
-51,-54,31
-52,-57,28
-54,-61,26
-56,-65,24
-59,-70,25
-63,-76,27
-67,-82,31
-72,-87,38
-76,-91,48
-80,-91,60
-83,-88,71
-83,-80,80
-81,-70,85
-77,-60,85
-71,-52,81
-65,-47,74
-60,-44,67
-56,-43,60
-53,-43,53
-50,-44,47
-49,-46,41
-48,-47,36
-48,-49,31
-49,-52,27
-50,-55,24
-52,-59,21
-54,-63,19
-57,-68,19
-61,-75,21
-65,-82,25
-71,-88,32
-76,-94,42
-81,-96,56
-84,-93,70
-86,-85,81
-84,-73,88
-79,-61,89
-73,-51,85
-66,-44,78
-60,-41,70
-55,-40,62
-51,-40,55
-48,-41,48
-46,-42,42
-45,-43,36
-45,-44,31
-45,-46,26
-46,-48,21
-47,-51,18
-48,-54,15
-50,-58,12
-53,-63,11
-56,-69,11
-60,-76,13
-65,-84,18
-71,-93,27
-78,-99,40
-84,-102,56
-88,-97,74
-89,-86,89
-86,-71,96
-80,-55,95
-72,-44,88
-64,-38,79
-57,-35,70
-51,-34,61
-46,-34,53
-43,-35,46
-41,-36,40
-40,-36,34
-39,-37,28
-38,-37,23
-38,-37,18
-38,-37,14
-38,-37,10
-38,-37,6
-37,-37,3
-37,-37,0
-37,-37,-3
-37,-36,-6
-37,-36,-8
-36,-35,-10
-36,-34,-12
-35,-33,-14
-35,-31,-16
-33,-29,-17
-32,-26,-19
-30,-22,-19
-27,-16,-19
-23,-8,-18
-18,2,-14
-11,15,-7
-2,29,5
8,42,27
17,47,57
24,37,90
25,13,113
17,-17,118
5,-41,110
-9,-54,95
-22,-59,81
-32,-60,70
-39,-60,61
-44,-59,55
-48,-59,49
-51,-60,44
-53,-61,41
-56,-63,38
-58,-66,37
-61,-70,36
-64,-73,38
-67,-77,40
-70,-80,45
-73,-83,51
-75,-83,57
-77,-81,64
-78,-77,70
-77,-72,74
-75,-66,75
-72,-60,74
-68,-56,71
-65,-53,66
-61,-52,61
-59,-52,56
-57,-52,51
-56,-53,47
-56,-55,43
-56,-57,39
-57,-60,37
-58,-64,35
-60,-67,34
-62,-71,35
-65,-76,37
-69,-80,41
-72,-83,46
-75,-84,54
-77,-84,61
-79,-80,69
-78,-75,74
-77,-69,77
-74,-62,76
-70,-57,74
-66,-53,69
-62,-51,64
-59,-50,59
-57,-50,53
-55,-51,48
-55,-53,44
-54,-55,40
-55,-58,36
-56,-61,34
-58,-64,32
-60,-68,32
-63,-73,33
-66,-78,36
-70,-82,41
-73,-85,48
-77,-86,56
-79,-84,65
-80,-80,72
-79,-73,77
-76,-66,79
-73,-59,77
-68,-54,74
-64,-51,68
-60,-49,63
-57,-49,57
-55,-49,51
-54,-50,46
-53,-52,41
-53,-54,37
-54,-57,34
-55,-60,31
-57,-64,30
-59,-69,29
-62,-74,30
-66,-79,34
-70,-83,39
-74,-87,47
-78,-88,56
-80,-86,66
-81,-81,74
-80,-73,79
-77,-65,81
-73,-57,79
-68,-52,75
-63,-49,69
-59,-47,63
-56,-47,56
-54,-47,50
-52,-49,45
-51,-50,40
-51,-52,35
-52,-55,32
-53,-58,29
-55,-62,27
-58,-67,26
-61,-72,27
-64,-78,29
-69,-83,34
-73,-88,42
-77,-91,52
-81,-90,63
-82,-85,73
-82,-77,81
-79,-67,84
-75,-58,83
-70,-51,78
-64,-47,72
-59,-45,65
-56,-44,58
-53,-45,52
-51,-46,46
-50,-47,40
-49,-49,35
-50,-51,31
-50,-54,27
-52,-58,24
-54,-62,22
-57,-67,21
-60,-72,22
-64,-79,25
-69,-85,31
-74,-91,40
-79,-94,51
-83,-93,64
-85,-87,76
-84,-77,85
-80,-66,88
-75,-55,86
-69,-48,80
-63,-44,73
-58,-42,65
-53,-41,58
-50,-42,51
-48,-43,44
-47,-44,39
-46,-46,33
-46,-47,28
-47,-50,24
-48,-52,20
-50,-56,17
-52,-60,15
-55,-65,14
-58,-71,15
-62,-79,18
-68,-86,24
-74,-94,33
-80,-98,47
-85,-98,63
-87,-92,78
-87,-80,89
-83,-66,93
-77,-53,91
-69,-44,84
-62,-39,75
-56,-37,67
-51,-36,58
-47,-37,51
-44,-38,44
-43,-39,38
-42,-40,32
-41,-40,27
-41,-41,22
-41,-43,17
-42,-44,13
-43,-46,10
-44,-48,6
-45,-51,4
-47,-54,1
-49,-59,0
-53,-65,0
-57,-73,1
-62,-82,5
-69,-93,14
-76,-103,27
-84,-109,46
-91,-108,69
-94,-96,90
-92,-77,103
-85,-56,104
-75,-41,97
-65,-32,86
-56,-28,75
-48,-27,65
-43,-27,56
-39,-28,49
-36,-28,42
-34,-28,36
-32,-27,31
-31,-26,26
-29,-24,22
-27,-21,19
-25,-17,16
-22,-13,15
-19,-7,15
-15,0,17
-10,8,21
-5,15,29
1,21,41
7,24,56
11,20,72
12,10,85
10,-4,92
4,-17,93
-3,-28,87
-10,-35,79
-17,-38,70
-23,-39,62
-27,-39,54
-30,-38,47
-32,-37,41
-33,-36,35
-34,-35,29
-34,-34,24
-34,-33,19
-34,-32,15
-33,-30,11
-32,-29,8
-31,-26,5
-29,-23,3
-27,-18,1
-24,-13,0
-20,-6,1
-15,3,4
-9,13,11
-2,24,22
6,32,39
13,33,62
17,25,84
17,8,100
12,-13,104
3,-30,100
-7,-41,90
-17,-47,78
-25,-48,68
-31,-48,59
-35,-48,51
-39,-48,44
-41,-48,38
-43,-48,33
-44,-49,28
-46,-51,24
-47,-54,20
-49,-57,17
-52,-61,15
-55,-66,14
-59,-73,15
-63,-80,19
-69,-88,25
-75,-95,36
-81,-99,50
-85,-98,66
-88,-90,81
-87,-77,91
-82,-63,93
-75,-51,90
-68,-43,82
-61,-38,74
-55,-37,65
-50,-36,57
-46,-37,50
-44,-38,43
-43,-39,37
-42,-40,31
-41,-41,26
-41,-42,21
-42,-43,17
-42,-44,13
-43,-46,9
-44,-48,6
-45,-51,3
-47,-55,1
-50,-60,0
-53,-66,0
-58,-74,2
-63,-84,6
-70,-94,15
-78,-104,30
-85,-109,50
-91,-106,73
-94,-93,93
-91,-73,104
-83,-53,103
-73,-38,95
-63,-31,84
-54,-28,73
-47,-27,63
-42,-27,55
-38,-28,48
-36,-28,41
-33,-28,35
-32,-27,30
-30,-25,26
-29,-23,22
-27,-20,18
-25,-16,16
-22,-11,15
-18,-6,15
-14,1,17
-9,9,23
-3,17,31
3,22,44
8,23,59
11,18,75
12,7,87
9,-7,93
3,-20,92
-5,-30,86
-12,-36,77
-18,-38,69
-24,-39,60
-28,-39,53
-30,-38,46
-32,-37,39
-33,-36,33
-34,-35,28
-34,-34,23
-34,-33,19
-33,-31,14
-33,-30,11
-31,-27,7
-30,-24,5
-28,-21,2
-26,-16,1
-22,-10,1
-18,-2,3
-12,8,7
-6,18,16
2,28,30
9,33,49
15,30,72
18,18,92
15,-2,103
8,-21,103
-2,-36,95
-12,-44,84
-21,-47,73
-28,-48,64
-33,-48,55
-37,-47,48
-39,-47,41
-41,-47,35
-43,-48,30
-44,-49,26
-46,-51,21
-48,-54,18
-50,-57,15
-52,-62,14
-55,-67,13
-59,-74,15
-64,-82,19
-70,-90,26
-76,-97,38
-82,-100,53
-86,-97,70
-88,-88,84
-86,-74,93
-81,-60,94
-74,-48,89
-66,-41,81
-59,-37,72
-53,-36,63
-49,-36,55
-45,-36,48
-43,-37,41
-42,-38,35
-41,-39,30
-40,-40,25
-40,-40,20
-40,-41,15
-41,-42,11
-41,-43,8
-42,-45,4
-43,-47,2
-44,-50,-1
-46,-53,-3
-49,-58,-4
-52,-64,-4
-56,-72,-3
-62,-82,2
-69,-93,10
-77,-104,24
-85,-112,45
-92,-111,70
-95,-98,93
-93,-76,106
-86,-54,107
-75,-38,99
-64,-29,87
-54,-25,75
-47,-24,65
-41,-25,57
-37,-25,49
-34,-25,43
-31,-25,37
-29,-23,32
-28,-22,28
-26,-19,25
-24,-15,22
-21,-11,21
-18,-6,21
-14,0,23
-9,7,27
-4,13,35
1,18,45
6,19,58
9,15,72
9,6,82
7,-5,88
2,-16,88
-4,-25,83
-10,-31,76
-16,-34,69
-21,-35,61
-24,-35,54
-27,-34,47
-29,-33,41
-29,-31,35
-30,-30,30
-29,-28,26
-29,-25,21
-27,-22,18
-26,-19,15
-23,-14,14
-20,-8,13
-16,-2,15
-11,6,19
-6,14,26
0,21,37
6,24,52
11,22,69
13,13,84
11,-1,92
6,-15,94
-1,-27,90
-9,-35,82
-16,-38,73
-22,-40,64
-27,-40,56
-30,-39,49
-32,-38,42
-34,-37,36
-35,-37,30
-35,-36,25
-35,-35,20
-35,-34,16
-35,-33,12
-34,-32,8
-33,-30,5
-32,-28,2
-31,-25,-1
-29,-22,-3
-26,-17,-4
-23,-11,-4
-19,-2,-2
-13,8,2
-6,19,11
2,30,26
10,36,46
17,34,72
20,21,94
17,-1,106
9,-23,106
-1,-39,97
-12,-47,86
-22,-50,74
-29,-51,64
-35,-51,56
-39,-50,49
-42,-50,42
-44,-51,37
-46,-52,32
-48,-54,28
-50,-56,24
-52,-60,22
-55,-64,20
-58,-70,20
-62,-76,22
-66,-83,27
-72,-89,34
-77,-94,45
-82,-95,58
-85,-91,72
-85,-82,83
-83,-70,88
-78,-59,88
-72,-50,84
-65,-44,76
-59,-41,69
-54,-40,61
-51,-40,54
-48,-41,47
-46,-42,41
-46,-44,35
-45,-45,30
-45,-47,25
-46,-49,21
-47,-52,17
-49,-55,15
-51,-60,13
-54,-65,12
-58,-72,13
-63,-79,16
-68,-88,22
-74,-95,32
-80,-100,47
-86,-100,64
-89,-92,81
-88,-79,92
-84,-64,96
-77,-51,92
-69,-42,84
-61,-37,75
-54,-35,66
-49,-35,58
-46,-35,50
-43,-36,43
-41,-37,37
-40,-37,31
-40,-38,26
-39,-38,21
-39,-39,17
-39,-39,12
-39,-40,9
-39,-40,5
-40,-41,2
-40,-42,-1
-41,-44,-4
-42,-46,-6
-43,-48,-8
-45,-52,-10
-47,-56,-11
-50,-62,-11
-54,-70,-10
-60,-80,-6
-67,-92,2
-75,-105,16
-84,-115,37
-93,-116,65
-98,-104,92
-96,-82,109
-89,-56,112
-77,-36,104
-65,-25,90
-54,-21,78
-45,-20,67
-39,-21,59
-34,-21,51
-31,-21,45
-28,-20,40
-26,-19,36
-24,-17,32
-22,-13,30
-19,-10,28
-16,-5,28
-12,0,30
-8,5,34
-4,10,41
0,13,49
3,13,59
6,10,69
6,3,77
4,-5,81
1,-14,82
-4,-21,79
-9,-26,73
-14,-29,67
-18,-30,61
-21,-30,54
-23,-29,48
-24,-27,43
-25,-25,38
-25,-23,33
-24,-21,30
-23,-17,27
-21,-13,25
-18,-8,24
-15,-3,25
-11,3,28
-7,9,33
-2,14,42
3,16,52
6,15,64
8,9,75
7,0,83
4,-10,85
-1,-19,84
-7,-26,79
-12,-30,72
-17,-32,65
-21,-32,58
-24,-32,51
-26,-31,45
-27,-29,39
-27,-28,34
-27,-25,30
-26,-23,26
-25,-20,22
-23,-16,20
-20,-11,19
-17,-5,19
-13,1,22
-8,8,27
-3,15,35
2,19,46
7,20,60
10,15,74
10,5,85
7,-7,89
2,-18,89
-5,-27,83
-11,-33,76
-17,-35,68
-22,-36,60
-26,-36,53
-28,-35,46
-30,-34,40
-31,-32,34
-31,-31,29
-31,-29,24
-30,-27,20
-29,-24,16
-27,-21,13
-25,-17,11
-22,-12,10
-19,-6,11
-14,2,13
-9,11,19
-3,19,28
4,25,42
10,26,60
13,20,78
13,8,91
10,-8,97
3,-23,94
-5,-33,87
-13,-39,78
-20,-41,68
-26,-42,60
-30,-41,52
-33,-41,45
-35,-40,38
-36,-40,32
-37,-39,27
-37,-39,22
-38,-39,17
-38,-39,13
-38,-39,9
-39,-39,6
-39,-40,2
-39,-40,-1
-40,-41,-4
-40,-42,-6
-41,-44,-8
-42,-46,-10
-43,-48,-12
-45,-52,-14
-47,-57,-14
-51,-63,-14
-55,-71,-12
-61,-82,-8
-68,-95,1
-77,-108,16
-86,-118,40
-95,-118,70
-99,-102,98
-96,-77,113
-88,-50,113
-75,-31,103
-62,-22,89
-51,-19,76
-43,-18,66
-37,-19,58
-32,-19,51
-29,-19,45
-26,-18,41
-24,-16,37
-22,-14,34
-19,-11,32
-16,-7,32
-13,-2,33
-10,2,35
-6,7,40
-2,10,47
1,11,56
4,9,64
4,5,72
4,-2,77
1,-10,79
-3,-17,78
-7,-22,74
-11,-25,69
-15,-27,63
-18,-27,57
-21,-27,51
-22,-26,46
-23,-24,41
-23,-22,37
-22,-19,33
-21,-16,31
-19,-12,29
-17,-8,28
-14,-3,29
-10,3,32
-6,8,38
-2,12,45
2,13,55
5,12,65
6,7,74
5,-1,80
2,-10,82
-2,-18,80
-7,-24,76
-12,-27,70
-16,-29,63
-20,-29,57
-22,-29,51
-24,-28,45
-24,-26,40
-25,-24,36
-24,-21,32
-23,-18,28
-21,-15,26
-19,-10,25
-16,-5,25
-12,1,27
-8,7,32
-4,12,39
1,15,49
5,16,60
7,12,71
7,4,80
5,-6,84
1,-16,84
-5,-23,80
-10,-28,74
-15,-31,67
-20,-32,60
-23,-32,53
-25,-31,47
-26,-29,41
-27,-28,36
-27,-26,31
-26,-23,27
-25,-20,24
-23,-16,21
-21,-12,20
-18,-6,20
-14,0,22
-9,7,26
-4,13,33
1,18,44
6,20,57
9,16,71
10,8,82
8,-4,88
3,-16,89
-3,-25,84
-10,-31,77
-16,-34,69
-21,-35,62
-25,-35,54
-27,-34,47
-29,-33,41
-30,-32,35
-30,-30,30
-30,-29,26
-29,-26,21
-28,-24,18
-27,-20,15
-24,-16,13
-22,-11,12
-18,-4,13
-13,3,16
-8,12,22
-2,19,32
4,25,46
10,25,63
13,18,80
12,5,91
8,-10,95
2,-24,92
-6,-33,85
-14,-38,76
-21,-40,67
-26,-41,59
-30,-40,51
-32,-40,44
-34,-39,38
-35,-38,32
-36,-37,26
-36,-37,22
-36,-37,17
-36,-36,13
-36,-35,9
-36,-35,5
-35,-34,2
-35,-33,-1
-34,-31,-4
-33,-29,-6
-32,-26,-8
-30,-23,-9
-27,-18,-10
-24,-11,-10
-19,-2,-8
-14,8,-3
-6,21,6
2,33,22
12,41,46
19,38,74
22,22,99
19,-3,111
10,-27,110
-2,-43,99
-14,-52,86
-24,-54,74
-32,-55,64
-38,-54,56
-42,-54,49
-45,-54,43
-48,-55,38
-50,-57,34
-52,-59,31
-54,-63,29
-57,-67,27
-60,-71,28
-64,-77,30
-68,-82,34
-72,-87,41
-76,-89,51
-80,-89,61
-82,-85,71
-82,-78,79
-79,-69,83
-75,-60,82
-70,-53,78
-65,-49,73
-61,-46,66
-57,-45,59
-54,-46,53
-52,-46,47
-51,-48,42
-50,-50,37
-50,-52,32
-51,-55,29
-53,-58,26
-55,-62,24
-57,-67,23
-61,-73,24
-65,-79,27
-69,-85,33
-74,-90,41
-79,-93,53
-82,-91,65
-84,-85,76
-83,-76,84
-80,-65,86
-75,-56,84
-69,-49,79
-63,-45,72
-58,-43,64
-54,-42,57
-51,-43,51
-49,-44,44
-48,-46,39
-48,-47,33
-48,-49,29
-49,-52,25
-50,-55,22
-52,-59,19
-54,-64,18
-57,-69,18
-61,-76,20
-66,-83,24
-71,-90,32
-77,-95,43
-82,-97,57
-85,-93,72
-86,-83,84
-84,-71,90
-79,-59,90
-72,-49,85
-65,-43,78
-59,-40,69
-54,-39,61
-50,-39,54
-47,-40,47
-45,-41,40
-44,-42,35
-44,-43,29
-44,-45,24
-44,-46,20
-45,-49,16
-46,-51,13
-48,-55,10
-50,-59,8
-53,-65,8
-57,-71,8
-62,-80,12
-68,-89,18
-74,-97,29
-81,-103,45
-87,-103,64
-90,-95,83
-90,-80,95
-85,-63,99
-77,-48,95
-68,-39,86
-60,-34,76
-53,-32,66
-47,-32,58
-43,-32,50
-41,-33,43
-39,-33,37
-37,-34,31
-36,-34,26
-36,-33,21
-35,-32,17
-34,-31,13
-33,-30,9
-32,-28,6
-30,-25,3
-29,-21,1
-26,-16,0
-23,-10,-1
-19,-3,1
-13,7,5
-6,18,14
1,28,27
9,34,47
15,32,70
18,20,91
16,0,104
9,-20,104
-1,-36,97
-11,-44,85
-20,-48,74
-28,-49,65
-33,-49,56
-37,-48,49
-40,-48,42
-42,-48,36
-44,-49,31
-45,-51,26
-47,-53,22
-49,-56,19
-51,-59,17
-54,-64,16
-57,-70,16
-62,-77,18
-67,-85,23
-72,-92,32
-78,-97,44
-83,-98,60
-87,-93,75
-87,-82,87
-84,-69,92
-78,-56,91
-71,-46,85
-64,-40,77
-57,-38,68
-52,-37,60
-48,-37,53
-45,-38,46
-44,-39,39
-43,-40,33
-42,-41,28
-42,-42,23
-42,-44,19
-43,-45,15
-44,-47,11
-45,-50,8
-47,-53,5
-49,-57,3
-52,-63,2
-55,-69,3
-60,-78,6
-66,-88,12
-73,-98,22
-80,-105,39
-87,-107,59
-92,-100,81
-92,-85,97
-88,-65,103
-79,-48,99
-69,-37,90
-60,-31,79
-52,-29,69
-46,-29,60
-42,-29,52
-38,-30,45
-36,-30,38
-34,-29,33
-33,-29,28
-32,-27,23
-30,-26,19
-29,-23,15
-27,-20,13
-24,-15,11
-21,-10,10
-17,-3,11
-12,5,15
-7,14,22
0,22,33
6,26,49
11,25,67
14,16,83
12,2,94
7,-14,96
0,-28,92
-8,-36,83
-16,-40,74
-23,-42,65
-28,-42,57
-31,-41,49
-34,-40,42
-35,-40,36
-36,-39,30
-37,-39,25
-38,-39,20
-38,-39,16
-38,-39,12
-38,-39,8
-39,-39,4
-39,-40,1
-39,-41,-2
-40,-41,-5
-40,-42,-7
-41,-44,-9
-42,-46,-11
-43,-49,-13
-45,-53,-14
-48,-58,-15
-51,-64,-14
-56,-73,-12
-62,-85,-7
-69,-98,3
-79,-111,20
-88,-119,45
-96,-116,76
-99,-98,102
-95,-71,115
-85,-46,112
-73,-29,100
-60,-21,86
-49,-18,74
-41,-18,64
-35,-19,56
-31,-19,50
-28,-19,44
-25,-18,40
-23,-16,36
-21,-13,34
-18,-10,32
-16,-6,32
-12,-1,33
-9,3,37
-5,7,42
-1,10,49
2,11,58
4,8,66
4,3,74
3,-4,78
0,-11,79
-4,-18,77
-8,-23,73
-12,-26,67
-16,-27,61
-19,-27,56
-21,-26,50
-22,-25,45
-23,-23,40
-23,-21,36
-22,-18,33
-20,-15,30
-18,-11,29
-16,-6,29
-13,-1,30
-9,4,34
-5,9,40
-1,12,48
3,13,58
5,10,67
6,4,76
4,-4,80
1,-12,81
-3,-19,79
-8,-25,74
-13,-28,68
-17,-29,62
-20,-29,55
-22,-28,49
-24,-27,44
-24,-25,39
-24,-23,35
-24,-20,31
-22,-17,28
-20,-13,26
-18,-8,25
-15,-3,26
-11,3,29
-7,8,34
-2,13,42
2,15,53
6,14,64
7,9,75
7,0,82
4,-9,84
-1,-18,83
-7,-25,78
-12,-29,71
-17,-31,64
-21,-32,58
-23,-31,51
-25,-30,45
-26,-28,39
-27,-27,35
-26,-24,30
-25,-22,26
-24,-18,23
-22,-14,21
-19,-9,21
-16,-3,21
-12,3,24
-7,10,30
-2,16,39
3,19,51
7,18,64
9,12,77
9,2,85
5,-10,88
0,-20,86
-6,-28,81
-13,-32,73
-18,-34,65
-22,-35,58
-26,-34,51
-28,-33,44
-29,-32,38
-30,-31,33
-30,-29,28
-29,-27,24
-28,-24,20
-27,-21,17
-25,-17,15
-22,-12,13
-19,-6,14
-14,1,16
-9,9,21
-3,17,30
3,23,43
8,24,59
12,19,75
12,7,88
9,-7,94
3,-20,93
-4,-30,86
-12,-36,78
-19,-39,69
-24,-40,60
-28,-40,53
-31,-39,46
-33,-38,39
-34,-37,33
-35,-36,28
-35,-36,23
-35,-35,18
-35,-34,14
-34,-33,10
-34,-31,7
-33,-29,4
-32,-27,1
-30,-24,-1
-28,-19,-3
-25,-14,-4
-21,-7,-3
-16,2,0
-10,13,6
-3,24,18
6,33,35
13,36,59
19,29,83
19,10,101
14,-12,107
4,-31,103
-7,-43,92
-17,-49,80
-26,-51,69
-32,-51,60
-37,-50,52
-40,-50,46
-43,-50,40
-45,-51,34
-47,-53,30
-49,-55,26
-51,-58,23
-53,-62,21
-56,-67,20
-59,-72,21
-64,-79,24
-69,-86,29
-74,-92,39
-79,-95,51
-83,-94,64
-85,-88,77
-85,-77,86
-81,-65,89
-75,-55,87
-69,-47,81
-63,-42,73
-57,-40,65
-53,-40,58
-49,-41,51
-47,-42,44
-46,-43,38
-45,-44,33
-45,-46,28
-46,-48,23
-47,-50,19
-48,-53,16
-50,-57,14
-52,-62,12
-56,-68,12
-60,-75,14
-65,-83,18
-71,-91,26
-77,-98,38
-83,-101,54
-87,-98,71
-89,-87,86
-86,-73,94
-81,-58,95
-73,-47,89
-65,-39,81
-58,-36,72
-52,-35,63
-48,-35,55
-44,-36,48
-42,-36,41
-41,-37,35
-40,-38,29
-39,-38,24
-39,-39,19
-39,-39,15
-39,-40,11
-39,-40,7
-40,-41,4
-40,-42,1
-41,-43,-2
-42,-45,-5
-43,-47,-7
-44,-50,-9
-46,-54,-10
-49,-60,-11
-53,-67,-10
-58,-76,-7
-64,-88,-1
-72,-100,10
-81,-112,29
-90,-117,54
-96,-110,83
-97,-90,105
-92,-65,113
-82,-42,107
-69,-29,95
-58,-22,82
-48,-21,71
-41,-21,62
-36,-21,54
-32,-21,47
-29,-21,42
-27,-20,37
-25,-18,33
-23,-15,30
-20,-12,28
-17,-7,28
-14,-2,29
-10,3,32
-6,8,37
-2,12,45
2,14,55
5,12,65
6,7,74
5,-1,80
2,-10,83
-2,-18,81
-7,-24,76
-12,-28,70
-16,-30,64
-20,-30,57
-22,-29,51
-24,-28,45
-25,-27,40
-25,-25,35
-25,-22,31
-24,-19,28
-22,-16,25
-20,-11,24
-17,-6,24
-13,0,26
-9,6,30
-4,12,37
0,16,46
5,17,58
7,13,70
8,6,80
6,-4,85
2,-14,86
-3,-23,82
-9,-28,76
-15,-32,69
-19,-33,61
-23,-33,54
-25,-32,48
-27,-31,42
-28,-29,37
-28,-27,32
-27,-25,27
-26,-22,24
-25,-18,21
-22,-14,19
-20,-9,18
-16,-3,19
-12,4,22
-7,11,28
-1,17,38
4,21,51
8,19,65
10,12,79
10,1,88
6,-11,90
0,-22,88
-7,-30,81
-14,-34,73
-19,-36,65
-24,-37,57
-27,-36,50
-29,-35,43
-31,-34,37
-31,-32,32
-31,-31,27
-31,-29,22
-30,-27,18
-29,-25,15
-27,-21,12
-25,-17,10
-22,-12,9
-19,-5,9
-14,3,12
-9,12,18
-2,20,28
4,26,43
10,27,61
14,20,80
14,7,93
10,-10,98
3,-25,95
-6,-35,87
-14,-40,77
-21,-42,68
-27,-43,59
-31,-42,51
-34,-42,44
-36,-41,38
-37,-41,32
-38,-41,27
-39,-41,22
-39,-41,17
-40,-42,13
-40,-42,9
-41,-44,6
-42,-45,3
-43,-47,0
-45,-50,-3
-47,-54,-4
-49,-59,-5
-53,-66,-5
-57,-74,-3
-63,-84,2
-70,-96,11
-78,-107,26
-87,-113,49
-93,-110,74
-96,-95,97
-92,-72,108
-84,-50,106
-73,-35,97
-62,-27,85
-52,-24,73
-45,-24,63
-40,-24,55
-36,-24,48
-33,-24,42
-30,-24,36
-29,-22,32
-27,-20,28
-25,-17,25
-22,-14,23
-19,-9,22
-16,-3,22
-12,3,25
-7,9,31
-2,15,39
3,18,51
7,17,64
9,11,76
8,2,84
5,-9,88
0,-20,86
-6,-27,80
-12,-32,73
-18,-34,65
-22,-34,58
-25,-34,51
-27,-33,45
-28,-31,39
-29,-30,33
-29,-28,29
-28,-26,24
-27,-23,21
-26,-19,18
-24,-15,16
-21,-10,15
-17,-4,16
-13,4,19
-7,11,25
-1,18,35
4,23,48
9,22,64
12,15,79
11,3,89
7,-11,93
1,-23,90
-7,-32,83
-14,-37,75
-20,-38,66
-25,-39,58
-29,-38,51
-31,-37,44
-32,-37,37
-33,-36,32
-34,-35,27
-34,-33,22
-34,-32,17
-33,-31,13
-32,-29,10
-31,-26,7
-29,-23,4
-27,-19,2
-24,-14,1
-21,-7,2
-16,1,4
-10,11,10
-3,21,20
4,30,36
12,33,57
17,27,79
17,12,97
13,-9,104
5,-27,101
-5,-39,91
-15,-45,80
-23,-48,70
-30,-48,61
-34,-47,53
-38,-47,46
-40,-47,39
-42,-47,34
-43,-48,28
-45,-50,24
-46,-52,20
-48,-55,17
-50,-58,14
-53,-63,13
-56,-69,13
-61,-76,15
-66,-84,20
-72,-92,29
-78,-98,41
-84,-100,57
-87,-96,74
-88,-85,87
-85,-70,94
-79,-56,93
-72,-45,87
-64,-39,79
-57,-36,70
-51,-35,61
-47,-36,53
-44,-36,46
-42,-37,40
-41,-38,34
-40,-39,28
-40,-39,23
-40,-40,18
-40,-41,14
-41,-42,10
-41,-43,7
-42,-45,3
-43,-47,1
-44,-49,-2
-46,-53,-4
-48,-57,-5
-51,-63,-5
-55,-71,-4
-61,-81,0
-67,-92,7
-75,-103,21
-84,-112,41
-91,-112,66
-96,-101,90
-94,-80,106
-87,-57,108
-77,-39,101
-66,-29,89
-55,-25,77
-47,-24,67
-41,-24,58
-37,-24,50
-34,-24,44
-31,-24,38
-29,-23,33
-27,-21,29
-25,-18,26
-23,-15,23
-20,-10,22
-17,-5,22
-13,1,24
-9,7,29
-4,13,36
1,17,47
6,18,60
8,14,72
9,5,82
6,-5,87
2,-16,87
-4,-25,82
-10,-30,75
-16,-33,68
-21,-34,60
-24,-34,53
-26,-33,47
-28,-32,41
-29,-30,35
-29,-28,30
-28,-26,26
-27,-24,22
-26,-20,19
-24,-16,17
-21,-11,15
-18,-5,16
-14,2,18
-9,9,23
-3,16,32
3,22,45
8,23,60
11,17,75
11,7,87
8,-7,92
2,-20,91
-5,-30,85
-12,-35,77
-19,-38,68
-24,-39,60
-27,-38,52
-30,-37,45
-32,-36,39
-33,-35,33
-33,-34,28
-33,-33,23
-33,-32,18
-33,-30,14
-32,-28,11
-31,-26,8
-29,-22,5
-27,-18,3
-24,-13,2
-20,-6,3
-15,3,6
-9,12,12
-2,22,23
5,30,40
12,32,60
16,24,82
16,8,97
12,-11,103
3,-28,99
-7,-39,89
-16,-45,78
-24,-47,68
-30,-47,59
-34,-46,51
-37,-46,44
-39,-46,38
-41,-46,32
-43,-47,27
-44,-48,23
-45,-50,19
-47,-53,15
-49,-56,13
-51,-61,11
-55,-66,11
-59,-73,12
-63,-81,16
-69,-90,23
-76,-97,34
-82,-102,50
-87,-100,68
-89,-91,84
-88,-76,94
-82,-60,96
-75,-47,91
-66,-39,83
-59,-35,73
-52,-34,64
-48,-34,56
-44,-35,49
-42,-35,42
-40,-36,36
-39,-36,30
-38,-37,25
-38,-37,20
-38,-37,15
-38,-37,11
-37,-37,8
-37,-37,4
-37,-36,1
-37,-36,-2
-36,-35,-5
-36,-35,-7
-36,-33,-10
-35,-32,-12
-34,-30,-13
-33,-27,-15
-31,-24,-16
-28,-19,-17
-25,-12,-16
-21,-4,-14
-15,7,-9
-7,21,0
2,34,16
12,44,41
20,43,72
24,26,100
21,-1,116
12,-28,114
-2,-47,103
-15,-56,88
-26,-58,76
-34,-59,66
-40,-58,58
-45,-58,51
-48,-58,46
-51,-59,42
-53,-61,38
-55,-63,36
-58,-66,34
-61,-70,34
-64,-74,36
-67,-79,39
-71,-82,44
-74,-84,51
-77,-85,59
-78,-82,66
-79,-77,73
-78,-71,76
-75,-65,77
-71,-59,75
-68,-54,72
-64,-52,67
-60,-50,61
-58,-50,56
-56,-51,50
-55,-52,46
-54,-54,41
-54,-56,38
-55,-59,35
-57,-62,33
-59,-66,32
-61,-71,32
-64,-76,34
-68,-80,38
-72,-84,44
-75,-86,52
-78,-86,61
-80,-82,69
-80,-77,75
-78,-70,79
-75,-62,79
-71,-56,76
-66,-52,71
-62,-49,66
-59,-48,60
-56,-49,54
-54,-49,48
-53,-51,43
-53,-53,39
-53,-55,35
-54,-58,32
-56,-62,30
-58,-66,29
-61,-71,29
-64,-76,31
-68,-81,36
-72,-86,42
-76,-88,51
-79,-88,61
-81,-84,70
-81,-78,77
-79,-69,81
-75,-61,81
-71,-54,78
-66,-50,72
-61,-47,66
-57,-46,60
-55,-47,53
-53,-48,48
-51,-49,42
-51,-51,38
-51,-53,33
-52,-56,30
-54,-60,27
-56,-64,26
-58,-69,25
-62,-74,27
-66,-80,30
-70,-85,36
-75,-90,45
-79,-91,56
-82,-89,67
-83,-82,77
-82,-73,83
-78,-63,84
-73,-55,82
-67,-49,76
-62,-45,70
-58,-44,63
-54,-44,56
-51,-45,49
-50,-46,43
-49,-47,38
-49,-49,33
-49,-52,29
-50,-55,25
-52,-58,23
-54,-62,21
-57,-68,20
-60,-74,21
-65,-80,25
-70,-87,31
-75,-92,41
-80,-95,53
-84,-93,67
-85,-86,79
-84,-75,87
-80,-63,89
-74,-53,85
-68,-46,79
-61,-42,71
-56,-41,64
-52,-40,56
-49,-41,49
-47,-42,43
-46,-43,37
-46,-45,32
-46,-47,27
-46,-49,23
-47,-52,19
-49,-55,16
-51,-59,14
-54,-64,13
-57,-70,13
-62,-78,16
-67,-86,21
-73,-94,30
-79,-99,44
-85,-100,60
-88,-94,77
-88,-82,90
-84,-68,95
-78,-54,93
-70,-44,86
-63,-38,77
-56,-36,68
-51,-35,60
-47,-36,52
-44,-36,45
-42,-37,39
-41,-38,33
-40,-39,27
-40,-39,22
-40,-40,18
-40,-41,13
-40,-41,10
-41,-43,6
-41,-44,3
-42,-46,0
-43,-48,-3
-45,-51,-5
-47,-56,-6
-50,-61,-7
-54,-68,-6
-59,-78,-3
-65,-89,4
-73,-101,15
-81,-111,33
-90,-114,58
-95,-106,84
-96,-87,103
-90,-63,110
-80,-43,104
-69,-30,93
-58,-25,81
-49,-23,70
-42,-23,60
-37,-24,53
-34,-24,46
-31,-23,40
-29,-22,35
-27,-21,31
-25,-18,27
-23,-15,25
-20,-11,23
-17,-5,23
-13,0,25
-9,7,30
-4,12,37
1,16,47
5,17,59
8,13,71
8,5,81
6,-5,86
2,-15,86
-4,-23,82
-10,-29,75
-15,-32,68
-20,-33,61
-23,-33,54
-26,-32,48
-27,-31,42
-28,-29,36
-28,-27,31
-27,-25,27
-26,-22,23
-25,-19,20
-23,-15,18
-20,-9,17
-16,-3,18
-12,4,21
-7,11,27
-1,17,37
4,21,50
8,20,65
11,13,78
10,2,88
6,-11,91
0,-22,88
-7,-30,82
-14,-35,74
-19,-37,65
-24,-37,58
-27,-36,50
-29,-35,44
-31,-34,38
-32,-33,32
-32,-32,27
-32,-30,22
-31,-28,18
-30,-26,15
-28,-23,11
-26,-19,9
-24,-14,8
-20,-8,8
-16,0,10
-11,9,15
-5,18,23
2,25,37
9,28,55
14,24,74
15,13,90
12,-4,98
5,-21,97
-3,-33,90
-12,-40,81
-20,-43,71
-26,-44,62
-30,-43,54
-34,-43,47
-36,-42,40
-38,-42,34
-39,-42,28
-39,-42,23
-40,-43,19
-41,-44,15
-42,-45,11
-43,-47,7
-44,-49,4
-46,-52,2
-48,-56,0
-51,-61,-1
-54,-68,0
-59,-77,2
-65,-87,8
-72,-98,19
-80,-107,35
-88,-110,57
-93,-104,80
-94,-87,98
-89,-67,105
-81,-48,102
-70,-35,92
-60,-29,81
-52,-27,70
-45,-26,61
-40,-27,53
-37,-27,46
-34,-27,40
-32,-27,34
-31,-26,29
-29,-24,25
-27,-21,21
-25,-18,18
-23,-14,17
-20,-8,16
-16,-2,17
-11,5,21
-6,13,28
0,19,38
5,22,52
10,20,68
11,12,82
10,0,90
6,-14,92
-1,-25,88
-8,-33,81
-15,-37,72
-21,-38,64
-25,-38,56
-29,-37,49
-31,-37,42
-32,-35,36
-33,-34,31
-33,-33,25
-33,-32,21
-32,-30,17
-32,-28,13
-30,-26,10
-29,-23,7
-27,-19,5
-24,-13,4
-20,-7,4
-16,1,7
-10,11,12
-3,21,22
4,29,38
11,31,58
16,25,79
16,11,95
12,-8,102
5,-25,99
-5,-37,90
-14,-43,80
-22,-46,70
-28,-46,61
-33,-46,53
-36,-45,45
-38,-45,39
-40,-45,33
-41,-45,28
-43,-46,23
-44,-48,19
-45,-50,15
-47,-53,12
-49,-57,10
-52,-61,8
-55,-67,8
-59,-75,10
-64,-83,14
-70,-92,23
-77,-100,36
-84,-104,53
-89,-100,73
-90,-89,89
-88,-72,97
-82,-56,97
-73,-44,91
-64,-36,82
-57,-33,72
-50,-32,63
-46,-32,54
-42,-33,47
-40,-33,40
-38,-34,34
-37,-34,29
-36,-34,24
-36,-33,19
-35,-32,15
-34,-31,11
-33,-30,7
-32,-28,4
-31,-25,2
-29,-21,0
-26,-16,-2
-23,-10,-2
-18,-2,0
-13,8,5
-6,19,13
2,29,28
10,35,48
16,32,72
19,19,93
16,-1,105
9,-22,105
-2,-37,96
-12,-46,85
-21,-49,74
-29,-50,64
-34,-49,56
-38,-49,48
-41,-49,42
-43,-49,36
-45,-50,31
-46,-52,26
-48,-54,23
-50,-57,20
-52,-61,18
-55,-66,17
-59,-73,18
-63,-80,21
-69,-87,27
-74,-93,37
-80,-97,50
-84,-96,65
-86,-89,79
-86,-77,88
-82,-64,91
-76,-53,89
-68,-45,82
-62,-40,74
-56,-38,65
-51,-38,57
-48,-39,50
-46,-40,43
-44,-41,37
-43,-42,32
-43,-43,27
-43,-45,22
-44,-46,18
-45,-48,14
-46,-51,11
-48,-55,8
-50,-59,6
-53,-65,6
-57,-72,7
-62,-81,10
-68,-90,17
-75,-99,29
-82,-105,46
-88,-104,66
-91,-95,85
-90,-79,97
-85,-61,100
-76,-46,95
-67,-37,86
-59,-32,75
-52,-31,66
-46,-31,57
-42,-31,50
-39,-32,43
-38,-32,36
-36,-32,31
-35,-32,26
-34,-31,21
-33,-30,17
-32,-28,13
-31,-26,10
-29,-22,7
-27,-18,5
-24,-13,4
-20,-6,4
-16,2,7
-10,11,13
-3,21,23
4,29,38
11,31,58
16,25,79
16,10,95
12,-9,102
4,-26,99
-5,-37,90
-15,-43,80
-22,-46,70
-29,-46,60
-33,-46,52
-36,-45,45
-39,-45,39
-40,-45,33
-42,-46,28
-43,-47,23
-44,-48,19
-45,-51,15
-47,-53,12
-49,-57,10
-52,-62,9
-55,-68,9
-60,-76,11
-65,-85,16
-71,-93,25
-78,-101,38
-85,-103,56
-89,-99,75
-90,-87,90
-87,-70,98
-80,-54,97
-72,-43,89
-63,-36,80
-56,-33,70
-50,-32,61
-45,-33,53
-42,-33,46
-40,-34,40
-38,-34,34
-37,-34,28
-37,-34,23
-36,-34,18
-35,-33,14
-35,-32,10
-34,-31,7
-33,-29,4
-32,-27,1
-30,-24,-1
-28,-19,-3
-25,-14,-4
-21,-7,-3
-16,2,0
-10,13,7
-2,24,18
6,34,36
14,36,59
19,28,84
19,10,102
13,-12,107
4,-31,102
-7,-43,91
-17,-49,80
-26,-51,69
-32,-51,60
-37,-50,52
-40,-50,45
-43,-50,39
-45,-51,34
-47,-52,29
-48,-55,25
-50,-58,22
-53,-62,20
-56,-66,19
-59,-72,20
-63,-79,23
-68,-86,29
-74,-92,38
-79,-95,50
-83,-94,64
-85,-88,77
-85,-78,86
-81,-65,89
-76,-54,87
-69,-47,81
-63,-42,73
-57,-40,65
-52,-40,58
-49,-40,51
-47,-41,44
-46,-42,38
-45,-44,33
-45,-45,28
-45,-47,23
-46,-50,19
-47,-53,16
-49,-56,13
-52,-61,11
-55,-66,11
-59,-73,12
-63,-81,16
-69,-90,23
-76,-97,34
-82,-102,50
-87,-100,68
-89,-91,84
-88,-76,94
-83,-61,96
-75,-48,91
-67,-40,83
-59,-36,73
-53,-34,64
-48,-34,56
-44,-35,49
-42,-36,42
-40,-36,36
-39,-37,30
-39,-37,25
-38,-37,20
-38,-38,16
-38,-38,11
-38,-38,8
-38,-38,4
-38,-38,1
-38,-38,-2
-38,-38,-5
-38,-38,-7
-38,-38,-10
-38,-38,-12
-38,-38,-14
-38,-38,-16
-38,-38,-17
-38,-39,-19
-38,-39,-20
-39,-39,-22
-39,-40,-23
-39,-41,-24
-40,-42,-25
-40,-43,-26
-41,-45,-27
-43,-48,-27
-45,-52,-27
-47,-58,-27
-51,-66,-26
-56,-76,-22
-63,-90,-15
-72,-105,-2
-83,-121,20
-94,-128,53
-102,-119,90
-103,-92,117
-95,-58,124
-82,-31,114
-66,-16,98
-53,-11,83
-42,-11,72
-34,-11,64
-28,-12,57
-24,-13,52
-21,-12,49
-19,-11,46
-16,-9,44
-14,-7,43
-12,-5,44
-10,-2,45
-8,0,48
-5,2,51
-3,2,55
-2,2,60
-1,0,64
-1,-3,67
-2,-7,69
-4,-10,69
-6,-14,68
-8,-16,65
-11,-18,62
-13,-19,59
-14,-19,55
-15,-18,52
-16,-17,48
-16,-15,46
-15,-13,44
-15,-11,42
-13,-8,42
-11,-5,42
-9,-2,44
-7,0,47
-5,2,51
-3,3,55
-1,2,60
-1,0,65
-1,-3,68
-2,-7,70
-4,-11,70
-6,-14,68
-9,-17,66
-11,-19,62
-13,-20,59
-15,-19,55
-16,-19,51
-17,-17,48
-17,-16,45
-16,-13,43
-15,-11,41
-13,-8,41
-12,-5,41
-9,-2,43
-7,1,46
-5,3,50
-2,4,55
-1,3,60
0,1,65
0,-3,69
-2,-7,71
-4,-11,71
-6,-15,69
-9,-18,66
-11,-20,63
-14,-20,59
-15,-20,54
-17,-19,51
-17,-18,47
-17,-16,44
-17,-14,42
-16,-11,40
-14,-8,39
-12,-5,40
-10,-2,42
-7,1,45
-5,4,49
-2,5,54
0,4,60
0,2,66
0,-2,69
-1,-6,72
-3,-11,72
-6,-15,70
-9,-18,67
-11,-20,63
-14,-21,59
-16,-21,55
-17,-20,51
-18,-19,47
-18,-17,43
-17,-15,41
-16,-12,39
-15,-9,38
-13,-5,38
-10,-2,40
-8,2,43
-5,4,48
-2,6,53
0,5,59
1,3,65
1,-1,70
0,-6,73
-2,-11,73
-5,-15,72
-8,-19,69
-11,-21,64
-14,-22,60
-16,-22,55
-18,-22,51
-19,-20,47
-19,-18,43
-18,-16,40
-17,-13,38
-16,-10,37
-14,-6,37
-11,-3,38
-9,1,41
-6,4,45
-3,7,51
0,7,58
1,5,64
2,1,70
1,-4,73
-1,-10,75
-4,-15,73
-7,-19,70
-11,-22,66
-14,-23,61
-16,-23,56
-18,-23,52
-19,-22,47
-20,-20,43
-19,-18,40
-19,-15,37
-17,-12,35
-15,-8,35
-13,-4,35
-10,0,38
-7,4,42
-4,7,47
-1,8,54
2,7,62
3,4,69
2,-1,74
1,-7,76
-2,-13,76
-6,-19,73
-10,-22,69
-13,-24,64
-16,-25,59
-18,-25,53
-20,-24,48
-21,-22,44
-21,-20,40
-20,-17,37
-19,-14,34
-17,-11,33
-15,-7,33
-12,-2,34
-9,2,37
-5,6,42
-2,9,49
1,10,57
3,8,65
4,3,72
3,-3,77
0,-10,78
-3,-16,77
-7,-21,73
-11,-24,68
-15,-26,62
-18,-26,56
-20,-26,51
-21,-24,46
-22,-23,41
-22,-20,37
-21,-18,34
-20,-14,32
-18,-10,30
-15,-6,30
-12,-1,32
-9,4,35
-5,8,41
-1,11,49
2,12,58
4,9,67
5,4,75
4,-4,79
1,-12,80
-4,-19,78
-8,-24,73
-13,-27,67
-17,-28,61
-20,-28,55
-22,-27,49
-23,-26,44
-23,-24,39
-23,-22,35
-23,-19,32
-21,-16,29
-19,-12,27
-17,-7,27
-13,-2,28
-10,4,32
-5,9,38
-1,13,46
3,14,56
5,12,67
6,6,76
5,-2,81
2,-11,83
-3,-19,81
-8,-25,76
-13,-29,69
-17,-30,63
-21,-30,56
-23,-30,50
-25,-28,44
-25,-27,39
-25,-25,34
-25,-22,30
-24,-19,27
-22,-15,25
-20,-11,23
-17,-5,23
-13,0,25
-9,7,30
-4,12,37
1,16,47
5,17,59
8,13,71
8,5,81
6,-5,86
2,-16,86
-4,-24,82
-10,-29,75
-15,-32,68
-20,-33,61
-23,-33,54
-26,-32,47
-27,-31,41
-28,-29,36
-28,-27,31
-28,-25,27
-27,-22,23
-25,-19,20
-23,-15,18
-20,-9,17
-16,-3,18
-12,4,21
-7,11,27
-1,17,37
4,21,50
9,20,65
11,14,78
10,2,88
6,-11,91
0,-22,89
-7,-30,82
-14,-35,74
-19,-37,66
-24,-37,58
-27,-37,50
-30,-36,44
-31,-35,38
-32,-33,32
-32,-32,27
-32,-31,22
-31,-29,18
-30,-27,14
-29,-24,11
-27,-20,9
-25,-15,7
-21,-9,7
-17,-2,8
-12,7,12
-6,16,20
1,24,32
8,29,50
13,27,70
15,16,87
13,0,98
8,-17,99
-1,-31,93
-10,-39,83
-18,-43,73
-25,-44,64
-30,-44,56
-33,-43,48
-36,-43,41
-38,-43,35
-39,-43,30
-40,-43,25
-41,-44,20
-42,-45,16
-43,-46,12
-44,-48,8
-45,-51,6
-47,-55,3
-50,-59,2
-53,-66,2
-57,-73,3
-63,-82,8
-69,-93,16
-77,-102,29
-84,-108,48
-90,-106,70
-93,-94,90
-91,-75,102
-84,-56,102
-75,-41,95
-65,-33,85
-56,-29,74
-49,-28,64
-43,-28,56
-40,-29,48
-37,-29,42
-35,-29,36
-33,-28,30
-32,-27,26
-30,-25,21
-29,-23,18
-27,-20,15
-25,-16,13
-22,-10,12
-18,-4,13
-13,4,16
-8,12,22
-2,20,32
5,25,46
10,25,64
13,17,80
12,4,92
8,-11,95
1,-25,92
-7,-34,85
-14,-39,75
-21,-41,66
-26,-41,58
-30,-40,50
-32,-40,44
-34,-39,37
-35,-38,31
-36,-38,26
-36,-37,21
-36,-37,17
-36,-36,13
-36,-36,9
-36,-35,5
-36,-34,2
-35,-33,-1
-34,-31,-4
-33,-29,-6
-32,-27,-8
-30,-23,-10
-28,-19,-11
-25,-12,-11
-20,-4,-9
-15,6,-5
-8,19,4
1,31,19
10,40,41
18,40,69
22,26,96
20,2,111
12,-23,111
0,-42,101
-12,-51,88
-23,-55,76
-31,-55,66
-37,-55,57
-42,-54,50
-45,-54,44
-48,-55,39
-50,-57,35
-52,-59,32
-54,-62,29
-57,-66,28
-60,-71,28
-63,-76,30
-67,-81,34
-72,-86,41
-76,-89,50
-79,-89,60
-81,-85,70
-81,-78,78
-79,-70,82
-76,-61,82
-71,-54,79
-66,-49,73
-61,-47,67
-57,-46,60
-54,-46,54
-52,-47,48
-51,-48,42
-50,-50,37
-51,-52,33
-51,-55,29
-53,-58,26
-55,-62,24
-57,-67,24
-61,-73,25
-65,-79,28
-69,-85,33
-74,-90,42
-78,-92,53
-82,-91,65
-83,-85,76
-83,-76,83
-79,-66,86
-75,-56,84
-69,-49,78
-63,-45,72
-58,-43,64
-54,-43,57
-51,-43,51
-49,-45,45
-48,-46,39
-48,-48,34
-48,-50,29
-49,-53,25
-50,-56,22
-52,-60,20
-55,-64,18
-58,-70,19
-62,-77,21
-67,-84,26
-72,-91,34
-78,-95,46
-82,-96,60
-85,-91,74
-86,-81,85
-83,-69,90
-78,-57,89
-71,-48,84
-64,-43,76
-58,-40,68
-53,-39,60
-50,-40,53
-47,-40,46
-46,-41,40
-45,-43,34
-44,-44,29
-45,-46,24
-45,-48,20
-46,-50,16
-48,-54,13
-50,-58,11
-52,-63,10
-56,-69,10
-60,-76,12
-66,-85,17
-72,-93,26
-78,-100,39
-84,-103,57
-89,-98,75
-90,-86,90
-86,-70,97
-80,-54,96
-72,-43,89
-63,-37,79
-56,-34,70
-50,-33,61
-46,-34,53
-43,-34,46
-41,-35,39
-39,-35,33
-38,-36,28
-38,-36,23
-37,-36,18
-37,-35,14
-36,-35,10
-36,-34,6
-35,-33,3
-35,-32,0
-34,-30,-3
-32,-28,-5
-31,-25,-7
-29,-21,-8
-26,-15,-9
-22,-8,-8
-17,1,-5
-11,12,1
-3,25,12
5,36,30
14,40,55
20,33,83
21,13,104
16,-11,111
6,-33,106
-6,-46,95
-17,-52,82
-27,-54,71
-34,-54,61
-39,-53,54
-43,-53,47
-45,-54,41
-48,-55,36
-50,-57,32
-52,-59,29
-54,-63,27
-57,-67,26
-60,-72,27
-64,-78,29
-68,-83,34
-73,-88,42
-77,-91,52
-81,-90,63
-82,-85,73
-82,-77,81
-79,-67,84
-75,-58,83
-70,-52,79
-64,-47,72
-60,-45,65
-56,-44,59
-53,-45,52
-51,-46,46
-50,-47,40
-49,-49,35
-49,-51,31
-50,-54,27
-52,-57,24
-54,-61,22
-56,-66,21
-60,-72,22
-64,-78,25
-68,-85,30
-73,-90,39
-78,-94,50
-82,-93,63
-85,-87,76
-84,-78,84
-81,-66,88
-76,-56,86
-69,-48,80
-63,-44,73
-58,-42,66
-53,-41,58
-50,-42,51
-48,-43,45
-47,-44,39
-46,-45,33
-46,-47,29
-47,-49,24
-48,-52,20
-49,-55,17
-52,-60,15
-54,-65,14
-58,-71,15
-62,-78,18
-67,-86,23
-73,-93,33
-79,-98,46
-84,-99,62
-87,-93,77
-87,-81,89
-84,-67,93
-77,-54,91
-70,-44,85
-63,-39,76
-56,-37,67
-51,-36,59
-47,-37,52
-45,-38,45
-43,-38,38
-42,-39,33
-41,-40,27
-41,-41,22
-41,-42,18
-42,-44,14
-43,-45,10
-44,-47,7
-45,-50,4
-47,-53,2
-49,-58,0
-52,-64,0
-56,-71,1
-61,-81,4
-68,-91,12
-75,-101,24
-83,-109,43
-90,-109,66
-94,-98,88
-92,-79,102
-86,-59,105
-77,-42,98
-66,-33,88
-57,-28,77
-49,-27,67
-43,-27,58
-39,-27,50
-36,-28,43
-34,-27,37
-32,-27,32
-31,-25,27
-29,-24,23
-27,-21,20
-25,-17,17
-22,-13,15
-19,-7,15
-15,0,17
-10,7,21
-5,15,29
1,21,41
7,23,55
11,20,71
12,10,84
10,-3,92
4,-17,92
-3,-27,87
-10,-34,79
-17,-37,71
-22,-39,62
-27,-38,54
-30,-38,47
-32,-37,41
-33,-36,35
-33,-35,29
-34,-34,24
-33,-32,20
-33,-31,15
-32,-29,12
-31,-27,8
-30,-24,6
-28,-20,3
-25,-15,2
-22,-9,2
-17,-1,4
-12,8,9
-5,19,18
2,28,32
10,32,51
15,29,74
17,16,92
14,-3,102
7,-22,102
-2,-36,94
-12,-43,83
-21,-47,72
-28,-47,63
-33,-47,55
-36,-46,47
-39,-46,41
-41,-46,35
-42,-47,29
-44,-48,25
-45,-50,21
-47,-52,17
-49,-56,14
-51,-60,12
-54,-65,11
-58,-72,12
-62,-79,15
-68,-88,21
-74,-96,32
-80,-101,46
-86,-100,64
-89,-93,81
-88,-80,92
-84,-64,96
-77,-50,92
-69,-41,85
-61,-36,75
-54,-35,66
-49,-34,58
-45,-35,50
-43,-36,43
-41,-36,37
-40,-37,31
-39,-37,26
-39,-38,21
-38,-38,17
-38,-38,12
-38,-38,9
-38,-39,5
-39,-39,2
-39,-39,-1
-39,-40,-4
-39,-41,-7
-40,-42,-9
-40,-43,-11
-41,-45,-13
-42,-47,-15
-44,-50,-16
-46,-54,-17
-49,-60,-17
-53,-68,-16
-58,-78,-12
-65,-91,-5
-74,-105,8
-83,-117,30
-93,-121,59
-99,-111,90
-99,-86,112
-92,-57,117
-79,-35,108
-66,-22,94
-54,-18,81
-44,-17,70
-37,-17,61
-32,-18,54
-28,-18,48
-25,-17,43
-23,-15,40
-21,-13,37
-18,-10,35
-16,-7,34
-13,-3,35
-10,2,38
-6,5,42
-3,8,48
0,9,56
2,8,64
3,3,70
3,-2,75
0,-9,77
-3,-15,76
-7,-20,73
-11,-23,68
-14,-25,63
-17,-25,57
-19,-25,52
-21,-24,47
-21,-22,43
-21,-20,39
-20,-17,36
-19,-14,33
-17,-10,32
-15,-6,32
-12,-1,33
-9,3,37
-5,7,42
-1,10,49
2,11,58
4,8,67
4,3,74
3,-4,78
0,-11,79
-4,-18,77
-8,-23,73
-12,-26,67
-16,-27,61
-19,-27,55
-21,-26,50
-22,-25,45
-23,-23,40
-22,-21,36
-22,-18,33
-20,-15,31
-18,-11,29
-16,-6,29
-12,-1,31
-9,4,34
-5,9,40
-1,12,49
3,13,58
5,10,68
5,4,76
4,-4,80
1,-12,81
-4,-19,79
-9,-25,74
-13,-28,68
-17,-29,61
-20,-29,55
-22,-28,49
-24,-27,44
-24,-25,39
-24,-23,35
-23,-20,31
-22,-17,28
-20,-13,26
-18,-8,26
-14,-3,27
-11,3,30
-6,9,35
-2,13,43
2,15,54
6,14,65
7,8,75
6,0,82
3,-10,84
-1,-19,82
-7,-25,78
-12,-29,71
-17,-31,64
-21,-31,57
-23,-31,51
-25,-30,45
-26,-28,39
-26,-26,34
-26,-24,30
-25,-21,26
-24,-18,24
-22,-14,22
-19,-9,21
-15,-3,22
-11,4,25
-6,10,31
-1,16,40
4,19,52
7,17,65
9,11,77
8,0,85
5,-11,88
-1,-21,86
-7,-28,80
-13,-33,72
-19,-34,65
-23,-35,57
-26,-34,50
-28,-33,44
-29,-32,38
-29,-30,33
-29,-28,28
-29,-26,24
-28,-23,20
-26,-20,17
-24,-16,15
-21,-11,14
-18,-4,14
-13,3,17
-8,11,23
-2,18,33
4,23,46
9,23,63
12,17,78
12,5,90
8,-10,94
2,-23,91
-6,-32,84
-14,-37,76
-20,-39,67
-25,-39,59
-29,-39,51
-31,-38,44
-33,-37,38
-34,-36,32
-34,-36,27
-35,-35,22
-35,-34,17
-34,-33,13
-34,-31,10
-33,-29,6
-32,-27,3
-30,-24,1
-28,-20,-1
-25,-14,-2
-21,-8,-1
-17,1,1
-11,11,7
-3,22,17
5,32,34
12,35,56
18,29,80
18,13,98
14,-9,106
5,-28,102
-5,-41,92
-15,-47,81
-24,-49,70
-31,-50,61
-36,-49,53
-39,-49,46
-42,-49,40
-44,-49,34
-45,-51,29
-47,-53,25
-49,-55,22
-51,-59,19
-53,-63,17
-57,-69,17
-61,-75,19
-65,-82,23
-71,-89,31
-76,-95,42
-82,-97,56
-85,-94,71
-86,-85,83
-84,-72,90
-79,-60,91
-73,-49,86
-66,-43,79
-59,-39,70
-54,-38,62
-50,-38,55
-47,-39,48
-45,-40,41
-44,-41,35
-43,-42,30
-43,-44,25
-44,-45,20
-44,-47,16
-45,-50,13
-47,-53,10
-49,-57,8
-52,-62,6
-55,-68,7
-59,-76,9
-65,-85,14
-71,-94,23
-78,-102,37
-85,-105,55
-90,-100,75
-91,-88,92
-88,-70,99
-81,-53,98
-72,-41,91
-63,-34,81
-55,-32,71
-49,-31,62
-44,-31,53
-41,-32,46
-39,-32,40
-37,-33,34
-36,-32,28
-35,-32,23
-34,-31,19
-33,-30,15
-32,-28,11
-31,-25,8
-29,-22,5
-26,-18,4
-23,-12,3
-20,-5,4
-15,3,7
-9,13,13
-2,23,24
6,30,41
12,31,62
16,23,83
16,7,98
11,-12,103
3,-29,98
-7,-39,89
-16,-45,78
-24,-47,68
-30,-47,59
-34,-46,51
-37,-46,44
-39,-46,38
-41,-46,32
-42,-47,27
-44,-48,23
-45,-50,18
-47,-52,15
-49,-56,12
-51,-60,10
-54,-66,10
-58,-73,11
-63,-81,15
-69,-89,21
-75,-97,33
-82,-102,48
-87,-101,67
-89,-92,83
-88,-78,94
-83,-61,97
-76,-48,92
-67,-39,84
-59,-35,74
-53,-34,65
-48,-34,57
-44,-34,49
-42,-35,42
-40,-35,36
-39,-36,30
-38,-36,25
-38,-36,20
-37,-36,16
-37,-36,12
-36,-35,8
-36,-35,5
-36,-34,1
-35,-33,-2
-34,-31,-4
-33,-29,-7
-32,-26,-9
-30,-23,-10
-27,-18,-11
-24,-11,-10
-19,-2,-8
-14,8,-4
-6,21,6
2,33,22
12,41,45
19,38,74
22,22,99
19,-3,112
10,-27,110
-2,-44,99
-14,-52,86
-25,-55,74
-32,-55,64
-38,-55,56
-42,-54,49
-46,-55,43
-48,-55,39
-50,-57,34
-52,-60,31
-55,-63,29
-57,-67,28
-60,-72,28
-64,-77,31
-68,-82,36
-73,-87,43
-77,-89,52
-80,-88,62
-82,-84,72
-81,-77,79
-79,-68,82
-75,-60,82
-70,-53,78
-65,-49,72
-60,-46,65
-57,-46,59
-54,-46,53
-52,-47,47
-51,-48,41
-50,-50,36
-51,-53,32
-52,-56,29
-53,-59,26
-55,-63,24
-58,-68,24
-61,-74,25
-65,-80,29
-70,-86,35
-75,-90,44
-79,-92,55
-82,-90,67
-83,-83,78
-82,-74,84
-79,-64,86
-73,-55,83
-68,-48,77
-62,-45,70
-57,-43,63
-54,-43,56
-51,-44,49
-49,-45,43
-48,-46,38
-48,-48,33
-48,-51,28
-49,-53,25
-51,-57,22
-53,-61,20
-56,-66,19
-59,-72,19
-63,-78,22
-68,-85,28
-73,-92,37
-79,-96,49
-83,-95,63
-86,-89,77
-85,-79,86
-82,-66,90
-76,-55,88
-70,-47,82
-63,-42,74
-57,-40,66
-53,-39,58
-49,-40,51
-47,-41,45
-45,-42,39
-45,-43,33
-44,-45,28
-45,-46,23
-45,-49,19
-47,-51,16
-48,-55,13
-50,-59,11
-53,-64,10
-57,-71,10
-62,-78,13
-67,-87,19
-73,-95,29
-80,-101,44
-86,-102,62
-89,-95,80
